Method,"Statistic R","P value",Permutation_num
ANOSIM,0.063128551371564576,0.0050000000000000001,999
