Method,"Statistic R","P value",Permutation_num
ANOSIM,0.068916163927605717,0.14699999999999999,999
