Method,"Statistic R","P value",Permutation_num
ANOSIM,-0.047394329706121889,0.94199999999999995,999
