Method,"Statistic R","P value",Permutation_num
ANOSIM,0.037544919638273513,0.17699999999999999,999
