Method,"Statistic R","P value",Permutation_num
ANOSIM,0.083023099604950037,0.021999999999999999,999
