Method,"Statistic R","P value",Permutation_num
ANOSIM,-0.054276110223064188,0.97899999999999998,999
