Method,"Statistic R","P value",Permutation_num
ANOSIM,0.12973484848484851,0.042999999999999997,999
