Method,"Statistic R","P value",Permutation_num
ANOSIM,-0.034932659932659739,0.76900000000000002,999
