Method,"Statistic R","P value",Permutation_num
ANOSIM,-0.029630349249526289,0.72999999999999998,999
