Method,"Statistic R","P value",Permutation_num
ANOSIM,-0.031218402426693503,0.93200000000000005,999
