Method,"Statistic R","P value",Permutation_num
ANOSIM,0.017825827721661098,0.23699999999999999,999
