Method,"Statistic R","P value",Permutation_num
ANOSIM,-0.041040922516264379,0.91300000000000003,999
