Method,"Statistic R","P value",Permutation_num
ANOSIM,-0.05071548821548829,0.92000000000000004,999
