Method,"Statistic R","P value",Permutation_num
ANOSIM,-0.0012626262626263499,0.40999999999999998,999
