Method,"Statistic R","P value",Permutation_num
ANOSIM,0.020498372759508422,0.22500000000000001,999
