Method,"Statistic R","P value",Permutation_num
ANOSIM,0.082460535316117231,0.012999999999999999,999
