Method,"Statistic R","P value",Permutation_num
ANOSIM,-0.014438943894389537,0.47999999999999998,999
