Method,"Statistic R","P value",Permutation_num
ANOSIM,0.25373821025994936,0.0050000000000000001,999
